sheet_name,row_number,series_label,period,value
Summary 1,16,Gross advances £ millions,2007-Q1,86432.163
Summary 1,16,Gross advances £ millions,2007-Q2,96694.881
Summary 1,16,Gross advances £ millions,2007-Q3,101979.98
Summary 1,16,Gross advances £ millions,2007-Q4,86608.823
Summary 1,16,Gross advances £ millions,2008-Q1,73365.331
Summary 1,16,Gross advances £ millions,2008-Q2,71629.616
Summary 1,16,Gross advances £ millions,2008-Q3,60583.695
Summary 1,16,Gross advances £ millions,2008-Q4,44823.241
Summary 1,16,Gross advances £ millions,2009-Q1,32588.306
Summary 1,16,Gross advances £ millions,2009-Q2,33799.533
Summary 1,16,Gross advances £ millions,2009-Q3,40330.642
Summary 1,16,Gross advances £ millions,2009-Q4,41246.305
Summary 1,16,Gross advances £ millions,2010-Q1,32050.568
Summary 1,16,Gross advances £ millions,2010-Q2,36472.24
Summary 1,16,Gross advances £ millions,2010-Q3,40827.545
Summary 1,16,Gross advances £ millions,2010-Q4,36814.947
Summary 1,16,Gross advances £ millions,2011-Q1,32984.725
Summary 1,16,Gross advances £ millions,2011-Q2,36554.241
Summary 1,16,Gross advances £ millions,2011-Q3,43568.227
Summary 1,16,Gross advances £ millions,2011-Q4,40107.073
Summary 1,16,Gross advances £ millions,2012-Q1,36442.684
Summary 1,16,Gross advances £ millions,2012-Q2,36926.808
Summary 1,16,Gross advances £ millions,2012-Q3,39595.182
Summary 1,16,Gross advances £ millions,2012-Q4,39397.195
Summary 1,16,Gross advances £ millions,2013-Q1,34044.484
Summary 1,16,Gross advances £ millions,2013-Q2,41673.78
Summary 1,16,Gross advances £ millions,2013-Q3,49570.122
Summary 1,16,Gross advances £ millions,2013-Q4,51491.136
Summary 1,16,Gross advances £ millions,2014-Q1,47097.301
Summary 1,16,Gross advances £ millions,2014-Q2,51518.104
Summary 1,16,Gross advances £ millions,2014-Q3,55910.718
Summary 1,16,Gross advances £ millions,2014-Q4,51371.767
Summary 1,16,Gross advances £ millions,2015-Q1,45593.342
Summary 1,16,Gross advances £ millions,2015-Q2,52564.001
Summary 1,16,Gross advances £ millions,2015-Q3,62095.996
Summary 1,16,Gross advances £ millions,2015-Q4,63090.045
Summary 1,16,Gross advances £ millions,2016-Q1,64015.298
Summary 1,16,Gross advances £ millions,2016-Q2,58037.382
Summary 1,16,Gross advances £ millions,2016-Q3,64447.772
Summary 1,16,Gross advances £ millions,2016-Q4,62772.619
Summary 1,16,Gross advances £ millions,2017-Q1,60435.915
Summary 1,16,Gross advances £ millions,2017-Q2,62586.376
Summary 1,16,Gross advances £ millions,2017-Q3,70719.892
Summary 1,16,Gross advances £ millions,2017-Q4,68963.54
Summary 1,16,Gross advances £ millions,2018-Q1,62436.475
Summary 1,16,Gross advances £ millions,2018-Q2,66729.277
Summary 1,16,Gross advances £ millions,2018-Q3,73454.664
Summary 1,16,Gross advances £ millions,2018-Q4,72875.539
Summary 1,16,Gross advances £ millions,2019-Q1,63368.348
Summary 1,16,Gross advances £ millions,2019-Q2,66088.26
Summary 1,16,Gross advances £ millions,2019-Q3,73303.859
Summary 1,16,Gross advances £ millions,2019-Q4,73466.502
Summary 1,16,Gross advances £ millions,2020-Q1,65818.022
Summary 1,16,Gross advances £ millions,2020-Q2,44159.88
Summary 1,16,Gross advances £ millions,2020-Q3,62527.45
Summary 1,16,Gross advances £ millions,2020-Q4,76601.634
Summary 1,16,Gross advances £ millions,2021-Q1,83175.142
Summary 1,16,Gross advances £ millions,2021-Q2,89117.086
Summary 1,16,Gross advances £ millions,2021-Q3,73437.692
Summary 1,16,Gross advances £ millions,2021-Q4,70200.639
Summary 1,16,Gross advances £ millions,2022-Q1,76942.33
Summary 1,16,Gross advances £ millions,2022-Q2,77985.253
Summary 1,16,Gross advances £ millions,2022-Q3,85944.428
Summary 1,16,Gross advances £ millions,2022-Q4,81619.405
Summary 1,16,Gross advances £ millions,2023-Q1,58587.24
Summary 1,16,Gross advances £ millions,2023-Q2,52134.03
Summary 1,16,Gross advances £ millions,2023-Q3,61404.034
Summary 1,16,Gross advances £ millions,2023-Q4,52943.596
Summary 1,16,Gross advances £ millions,2024-Q1,51589.645
Summary 1,16,Gross advances £ millions,2024-Q2,60204.199
Summary 1,16,Gross advances £ millions,2024-Q3,65532.408
Summary 1,16,Gross advances £ millions,2024-Q4,68774.152
Summary 1,16,Gross advances £ millions,2025-Q1,77560.808
Summary 1,16,Gross advances £ millions,2025-Q2,58760.698
Summary 1,16,Gross advances £ millions,2025-Q3,80438.426
Summary 1,16,Gross advances £ millions,2025-Q4,79388.852
Summary 1,17,Net advances £ millions,2007-Q1,33434.097
Summary 1,17,Net advances £ millions,2007-Q2,37319.103
Summary 1,17,Net advances £ millions,2007-Q3,39641.002
Summary 1,17,Net advances £ millions,2007-Q4,29671.474
Summary 1,17,Net advances £ millions,2008-Q1,24073.429
Summary 1,17,Net advances £ millions,2008-Q2,21746.638
Summary 1,17,Net advances £ millions,2008-Q3,13813.992
Summary 1,17,Net advances £ millions,2008-Q4,8624.704
Summary 1,17,Net advances £ millions,2009-Q1,1878.281
Summary 1,17,Net advances £ millions,2009-Q2,5545.526
Summary 1,17,Net advances £ millions,2009-Q3,6492.112
Summary 1,17,Net advances £ millions,2009-Q4,7924.587
Summary 1,17,Net advances £ millions,2010-Q1,3728.677
Summary 1,17,Net advances £ millions,2010-Q2,5894.128
Summary 1,17,Net advances £ millions,2010-Q3,8308.94
Summary 1,17,Net advances £ millions,2010-Q4,1216.601
Summary 1,17,Net advances £ millions,2011-Q1,1694.603
Summary 1,17,Net advances £ millions,2011-Q2,7888.658
Summary 1,17,Net advances £ millions,2011-Q3,6949.765
Summary 1,17,Net advances £ millions,2011-Q4,4103.868
Summary 1,17,Net advances £ millions,2012-Q1,2661.999
Summary 1,17,Net advances £ millions,2012-Q2,4662.963
Summary 1,17,Net advances £ millions,2012-Q3,5602.102
Summary 1,17,Net advances £ millions,2012-Q4,4207.831
Summary 1,17,Net advances £ millions,2013-Q1,1314.83
Summary 1,17,Net advances £ millions,2013-Q2,5117.333
Summary 1,17,Net advances £ millions,2013-Q3,7205.85
Summary 1,17,Net advances £ millions,2013-Q4,8974.651
Summary 1,17,Net advances £ millions,2014-Q1,7035.237
Summary 1,17,Net advances £ millions,2014-Q2,8932.818
Summary 1,17,Net advances £ millions,2014-Q3,11050.652
Summary 1,17,Net advances £ millions,2014-Q4,8095.694
Summary 1,17,Net advances £ millions,2015-Q1,6288.02
Summary 1,17,Net advances £ millions,2015-Q2,9957.367
Summary 1,17,Net advances £ millions,2015-Q3,13676.381
Summary 1,17,Net advances £ millions,2015-Q4,14213.717
Summary 1,17,Net advances £ millions,2016-Q1,13626.793
Summary 1,17,Net advances £ millions,2016-Q2,11871.917
Summary 1,17,Net advances £ millions,2016-Q3,13346.012
Summary 1,17,Net advances £ millions,2016-Q4,11527.921
Summary 1,17,Net advances £ millions,2017-Q1,9953.126
Summary 1,17,Net advances £ millions,2017-Q2,11870.502
Summary 1,17,Net advances £ millions,2017-Q3,16228.277
Summary 1,17,Net advances £ millions,2017-Q4,11906.853
Summary 1,17,Net advances £ millions,2018-Q1,8929.829
Summary 1,17,Net advances £ millions,2018-Q2,13388.532
Summary 1,17,Net advances £ millions,2018-Q3,13228.537
Summary 1,17,Net advances £ millions,2018-Q4,13639.291
Summary 1,17,Net advances £ millions,2019-Q1,9961.908
Summary 1,17,Net advances £ millions,2019-Q2,13754.918
Summary 1,17,Net advances £ millions,2019-Q3,16506.387
Summary 1,17,Net advances £ millions,2019-Q4,14903.471
Summary 1,17,Net advances £ millions,2020-Q1,10729.596
Summary 1,17,Net advances £ millions,2020-Q2,2757.373
Summary 1,17,Net advances £ millions,2020-Q3,13016.201
Summary 1,17,Net advances £ millions,2020-Q4,20018.773
Summary 1,17,Net advances £ millions,2021-Q1,21586.045
Summary 1,17,Net advances £ millions,2021-Q2,27451.946
Summary 1,17,Net advances £ millions,2021-Q3,16553.732
Summary 1,17,Net advances £ millions,2021-Q4,12178.59
Summary 1,17,Net advances £ millions,2022-Q1,17929.698
Summary 1,17,Net advances £ millions,2022-Q2,18845.363
Summary 1,17,Net advances £ millions,2022-Q3,21422.38
Summary 1,17,Net advances £ millions,2022-Q4,12924.285
Summary 1,17,Net advances £ millions,2023-Q1,-173.581
Summary 1,17,Net advances £ millions,2023-Q2,-402.093
Summary 1,17,Net advances £ millions,2023-Q3,2210.38
Summary 1,17,Net advances £ millions,2023-Q4,423.778
Summary 1,17,Net advances £ millions,2024-Q1,-1868.231
Summary 1,17,Net advances £ millions,2024-Q2,6694.175
Summary 1,17,Net advances £ millions,2024-Q3,10120.8
Summary 1,17,Net advances £ millions,2024-Q4,11113.458
Summary 1,17,Net advances £ millions,2025-Q1,19620.958
Summary 1,17,Net advances £ millions,2025-Q2,6650.946
Summary 1,17,Net advances £ millions,2025-Q3,16232.666
Summary 1,17,Net advances £ millions,2025-Q4,15621.979
Summary 1,18,New commitments £ millions,2007-Q1,92314.725
Summary 1,18,New commitments £ millions,2007-Q2,107704.912
Summary 1,18,New commitments £ millions,2007-Q3,101262.507
Summary 1,18,New commitments £ millions,2007-Q4,75797.33
Summary 1,18,New commitments £ millions,2008-Q1,74749.157
Summary 1,18,New commitments £ millions,2008-Q2,66851.909
Summary 1,18,New commitments £ millions,2008-Q3,49768.852
Summary 1,18,New commitments £ millions,2008-Q4,37474.23
Summary 1,18,New commitments £ millions,2009-Q1,28746.395
Summary 1,18,New commitments £ millions,2009-Q2,38811.364
Summary 1,18,New commitments £ millions,2009-Q3,38127.371
Summary 1,18,New commitments £ millions,2009-Q4,35798.264
Summary 1,18,New commitments £ millions,2010-Q1,33751.396
Summary 1,18,New commitments £ millions,2010-Q2,40601.073
Summary 1,18,New commitments £ millions,2010-Q3,38075.236
Summary 1,18,New commitments £ millions,2010-Q4,34600.256
Summary 1,18,New commitments £ millions,2011-Q1,34884.278
Summary 1,18,New commitments £ millions,2011-Q2,39576.837
Summary 1,18,New commitments £ millions,2011-Q3,41833.13
Summary 1,18,New commitments £ millions,2011-Q4,37045.063
Summary 1,18,New commitments £ millions,2012-Q1,37050.701
Summary 1,18,New commitments £ millions,2012-Q2,39810.945
Summary 1,18,New commitments £ millions,2012-Q3,35934.485
Summary 1,18,New commitments £ millions,2012-Q4,36885.163
Summary 1,18,New commitments £ millions,2013-Q1,35525.352
Summary 1,18,New commitments £ millions,2013-Q2,48141.055
Summary 1,18,New commitments £ millions,2013-Q3,50520.37
Summary 1,18,New commitments £ millions,2013-Q4,50356.32
Summary 1,18,New commitments £ millions,2014-Q1,48854.73
Summary 1,18,New commitments £ millions,2014-Q2,53482.17
Summary 1,18,New commitments £ millions,2014-Q3,53683.317
Summary 1,18,New commitments £ millions,2014-Q4,46236.67
Summary 1,18,New commitments £ millions,2015-Q1,47209.401
Summary 1,18,New commitments £ millions,2015-Q2,59564.667
Summary 1,18,New commitments £ millions,2015-Q3,64120.228
Summary 1,18,New commitments £ millions,2015-Q4,59463.693
Summary 1,18,New commitments £ millions,2016-Q1,60572.531
Summary 1,18,New commitments £ millions,2016-Q2,68108.783
Summary 1,18,New commitments £ millions,2016-Q3,61026.31
Summary 1,18,New commitments £ millions,2016-Q4,61704.766
Summary 1,18,New commitments £ millions,2017-Q1,61509.744
Summary 1,18,New commitments £ millions,2017-Q2,69094.828
Summary 1,18,New commitments £ millions,2017-Q3,69182.564
Summary 1,18,New commitments £ millions,2017-Q4,64875.187
Summary 1,18,New commitments £ millions,2018-Q1,61002.641
Summary 1,18,New commitments £ millions,2018-Q2,73180.942
Summary 1,18,New commitments £ millions,2018-Q3,72960.111
Summary 1,18,New commitments £ millions,2018-Q4,67876.238
Summary 1,18,New commitments £ millions,2019-Q1,63747.993
Summary 1,18,New commitments £ millions,2019-Q2,73363.516
Summary 1,18,New commitments £ millions,2019-Q3,73813.961
Summary 1,18,New commitments £ millions,2019-Q4,70616.924
Summary 1,18,New commitments £ millions,2020-Q1,67336.593
Summary 1,18,New commitments £ millions,2020-Q2,34420.936
Summary 1,18,New commitments £ millions,2020-Q3,78867.025
Summary 1,18,New commitments £ millions,2020-Q4,87734.811
Summary 1,18,New commitments £ millions,2021-Q1,77363.966
Summary 1,18,New commitments £ millions,2021-Q2,86068.531
Summary 1,18,New commitments £ millions,2021-Q3,78919.105
Summary 1,18,New commitments £ millions,2021-Q4,77297.251
Summary 1,18,New commitments £ millions,2022-Q1,82488.201
Summary 1,18,New commitments £ millions,2022-Q2,83979.379
Summary 1,18,New commitments £ millions,2022-Q3,87794.85
Summary 1,18,New commitments £ millions,2022-Q4,58343.441
Summary 1,18,New commitments £ millions,2023-Q1,45817.792
Summary 1,18,New commitments £ millions,2023-Q2,59475.872
Summary 1,18,New commitments £ millions,2023-Q3,49202.546
Summary 1,18,New commitments £ millions,2023-Q4,45975.766
Summary 1,18,New commitments £ millions,2024-Q1,60159.83
Summary 1,18,New commitments £ millions,2024-Q2,66939.102
Summary 1,18,New commitments £ millions,2024-Q3,66116.913
Summary 1,18,New commitments £ millions,2024-Q4,69387.677
Summary 1,18,New commitments £ millions,2025-Q1,68311.455
Summary 1,18,New commitments £ millions,2025-Q2,78156.273
Summary 1,18,New commitments £ millions,2025-Q3,79429.755
Summary 1,18,New commitments £ millions,2025-Q4,69941.098
Summary 1,22,Per cent of business at fixed rates Per cent,2007-Q1,64.794
Summary 1,22,Per cent of business at fixed rates Per cent,2007-Q2,67.45
Summary 1,22,Per cent of business at fixed rates Per cent,2007-Q3,67.114
Summary 1,22,Per cent of business at fixed rates Per cent,2007-Q4,57.041
Summary 1,22,Per cent of business at fixed rates Per cent,2008-Q1,45.876
Summary 1,22,Per cent of business at fixed rates Per cent,2008-Q2,56.372
Summary 1,22,Per cent of business at fixed rates Per cent,2008-Q3,52.684
Summary 1,22,Per cent of business at fixed rates Per cent,2008-Q4,43.729
Summary 1,22,Per cent of business at fixed rates Per cent,2009-Q1,47.487
Summary 1,22,Per cent of business at fixed rates Per cent,2009-Q2,64.555
Summary 1,22,Per cent of business at fixed rates Per cent,2009-Q3,66.633
Summary 1,22,Per cent of business at fixed rates Per cent,2009-Q4,49.667
Summary 1,22,Per cent of business at fixed rates Per cent,2010-Q1,37.331
Summary 1,22,Per cent of business at fixed rates Per cent,2010-Q2,39.101
Summary 1,22,Per cent of business at fixed rates Per cent,2010-Q3,43.496
Summary 1,22,Per cent of business at fixed rates Per cent,2010-Q4,45.928
Summary 1,22,Per cent of business at fixed rates Per cent,2011-Q1,51.218
Summary 1,22,Per cent of business at fixed rates Per cent,2011-Q2,56.023
Summary 1,22,Per cent of business at fixed rates Per cent,2011-Q3,51.707
Summary 1,22,Per cent of business at fixed rates Per cent,2011-Q4,53.534
Summary 1,22,Per cent of business at fixed rates Per cent,2012-Q1,55.082
Summary 1,22,Per cent of business at fixed rates Per cent,2012-Q2,56.389
Summary 1,22,Per cent of business at fixed rates Per cent,2012-Q3,55.984
Summary 1,22,Per cent of business at fixed rates Per cent,2012-Q4,63.546
Summary 1,22,Per cent of business at fixed rates Per cent,2013-Q1,70.686
Summary 1,22,Per cent of business at fixed rates Per cent,2013-Q2,75.257
Summary 1,22,Per cent of business at fixed rates Per cent,2013-Q3,77.314
Summary 1,22,Per cent of business at fixed rates Per cent,2013-Q4,80.273
Summary 1,22,Per cent of business at fixed rates Per cent,2014-Q1,81.011
Summary 1,22,Per cent of business at fixed rates Per cent,2014-Q2,81.945
Summary 1,22,Per cent of business at fixed rates Per cent,2014-Q3,82.571
Summary 1,22,Per cent of business at fixed rates Per cent,2014-Q4,82.24
Summary 1,22,Per cent of business at fixed rates Per cent,2015-Q1,77.635
Summary 1,22,Per cent of business at fixed rates Per cent,2015-Q2,78.926
Summary 1,22,Per cent of business at fixed rates Per cent,2015-Q3,80.659
Summary 1,22,Per cent of business at fixed rates Per cent,2015-Q4,84.092
Summary 1,22,Per cent of business at fixed rates Per cent,2016-Q1,81.429
Summary 1,22,Per cent of business at fixed rates Per cent,2016-Q2,82.273
Summary 1,22,Per cent of business at fixed rates Per cent,2016-Q3,82.3
Summary 1,22,Per cent of business at fixed rates Per cent,2016-Q4,81.292
Summary 1,22,Per cent of business at fixed rates Per cent,2017-Q1,84.788
Summary 1,22,Per cent of business at fixed rates Per cent,2017-Q2,88.136
Summary 1,22,Per cent of business at fixed rates Per cent,2017-Q3,89.518
Summary 1,22,Per cent of business at fixed rates Per cent,2017-Q4,90.416
Summary 1,22,Per cent of business at fixed rates Per cent,2018-Q1,90.568
Summary 1,22,Per cent of business at fixed rates Per cent,2018-Q2,91.589
Summary 1,22,Per cent of business at fixed rates Per cent,2018-Q3,90.563
Summary 1,22,Per cent of business at fixed rates Per cent,2018-Q4,91.892
Summary 1,22,Per cent of business at fixed rates Per cent,2019-Q1,91.862
Summary 1,22,Per cent of business at fixed rates Per cent,2019-Q2,92.186
Summary 1,22,Per cent of business at fixed rates Per cent,2019-Q3,91.797
Summary 1,22,Per cent of business at fixed rates Per cent,2019-Q4,92.435
Summary 1,22,Per cent of business at fixed rates Per cent,2020-Q1,91.903
Summary 1,22,Per cent of business at fixed rates Per cent,2020-Q2,90.25
Summary 1,22,Per cent of business at fixed rates Per cent,2020-Q3,91.195
Summary 1,22,Per cent of business at fixed rates Per cent,2020-Q4,92.433
Summary 1,22,Per cent of business at fixed rates Per cent,2021-Q1,92.519
Summary 1,22,Per cent of business at fixed rates Per cent,2021-Q2,93.536
Summary 1,22,Per cent of business at fixed rates Per cent,2021-Q3,94.127
Summary 1,22,Per cent of business at fixed rates Per cent,2021-Q4,94.398
Summary 1,22,Per cent of business at fixed rates Per cent,2022-Q1,94.335
Summary 1,22,Per cent of business at fixed rates Per cent,2022-Q2,95.415
Summary 1,22,Per cent of business at fixed rates Per cent,2022-Q3,95.455
Summary 1,22,Per cent of business at fixed rates Per cent,2022-Q4,94.525
Summary 1,22,Per cent of business at fixed rates Per cent,2023-Q1,83.318
Summary 1,22,Per cent of business at fixed rates Per cent,2023-Q2,84.619
Summary 1,22,Per cent of business at fixed rates Per cent,2023-Q3,90.406
Summary 1,22,Per cent of business at fixed rates Per cent,2023-Q4,86.307
Summary 1,22,Per cent of business at fixed rates Per cent,2024-Q1,87.901
Summary 1,22,Per cent of business at fixed rates Per cent,2024-Q2,93.395
Summary 1,22,Per cent of business at fixed rates Per cent,2024-Q3,93.391
Summary 1,22,Per cent of business at fixed rates Per cent,2024-Q4,94.29
Summary 1,22,Per cent of business at fixed rates Per cent,2025-Q1,94.06
Summary 1,22,Per cent of business at fixed rates Per cent,2025-Q2,92.675
Summary 1,22,Per cent of business at fixed rates Per cent,2025-Q3,92.94
Summary 1,22,Per cent of business at fixed rates Per cent,2025-Q4,93.241
Summary 1,25,Fixed rate loans Per cent,2007-Q1,5.348
Summary 1,25,Fixed rate loans Per cent,2007-Q2,5.542
Summary 1,25,Fixed rate loans Per cent,2007-Q3,5.772
Summary 1,25,Fixed rate loans Per cent,2007-Q4,6.013
Summary 1,25,Fixed rate loans Per cent,2008-Q1,5.923
Summary 1,25,Fixed rate loans Per cent,2008-Q2,5.82
Summary 1,25,Fixed rate loans Per cent,2008-Q3,6.116
Summary 1,25,Fixed rate loans Per cent,2008-Q4,6.052
Summary 1,25,Fixed rate loans Per cent,2009-Q1,5.305
Summary 1,25,Fixed rate loans Per cent,2009-Q2,4.739
Summary 1,25,Fixed rate loans Per cent,2009-Q3,4.798
Summary 1,25,Fixed rate loans Per cent,2009-Q4,4.993
Summary 1,25,Fixed rate loans Per cent,2010-Q1,4.904
Summary 1,25,Fixed rate loans Per cent,2010-Q2,4.702
Summary 1,25,Fixed rate loans Per cent,2010-Q3,4.552
Summary 1,25,Fixed rate loans Per cent,2010-Q4,4.376
Summary 1,25,Fixed rate loans Per cent,2011-Q1,4.237
Summary 1,25,Fixed rate loans Per cent,2011-Q2,4.432
Summary 1,25,Fixed rate loans Per cent,2011-Q3,4.239
Summary 1,25,Fixed rate loans Per cent,2011-Q4,3.94
Summary 1,25,Fixed rate loans Per cent,2012-Q1,3.99
Summary 1,25,Fixed rate loans Per cent,2012-Q2,4.223
Summary 1,25,Fixed rate loans Per cent,2012-Q3,4.331
Summary 1,25,Fixed rate loans Per cent,2012-Q4,4.1
Summary 1,25,Fixed rate loans Per cent,2013-Q1,3.797
Summary 1,25,Fixed rate loans Per cent,2013-Q2,3.576
Summary 1,25,Fixed rate loans Per cent,2013-Q3,3.399
Summary 1,25,Fixed rate loans Per cent,2013-Q4,3.304
Summary 1,25,Fixed rate loans Per cent,2014-Q1,3.317
Summary 1,25,Fixed rate loans Per cent,2014-Q2,3.352
Summary 1,25,Fixed rate loans Per cent,2014-Q3,3.428
Summary 1,25,Fixed rate loans Per cent,2014-Q4,3.368
Summary 1,25,Fixed rate loans Per cent,2015-Q1,3.11
Summary 1,25,Fixed rate loans Per cent,2015-Q2,2.915
Summary 1,25,Fixed rate loans Per cent,2015-Q3,2.794
Summary 1,25,Fixed rate loans Per cent,2015-Q4,2.724
Summary 1,25,Fixed rate loans Per cent,2016-Q1,2.66
Summary 1,25,Fixed rate loans Per cent,2016-Q2,2.599
Summary 1,25,Fixed rate loans Per cent,2016-Q3,2.52
Summary 1,25,Fixed rate loans Per cent,2016-Q4,2.379
Summary 1,25,Fixed rate loans Per cent,2017-Q1,2.292
Summary 1,25,Fixed rate loans Per cent,2017-Q2,2.273
Summary 1,25,Fixed rate loans Per cent,2017-Q3,2.198
Summary 1,25,Fixed rate loans Per cent,2017-Q4,2.17
Summary 1,25,Fixed rate loans Per cent,2018-Q1,2.177
Summary 1,25,Fixed rate loans Per cent,2018-Q2,2.249
Summary 1,25,Fixed rate loans Per cent,2018-Q3,2.272
Summary 1,25,Fixed rate loans Per cent,2018-Q4,2.267
Summary 1,25,Fixed rate loans Per cent,2019-Q1,2.29
Summary 1,25,Fixed rate loans Per cent,2019-Q2,2.269
Summary 1,25,Fixed rate loans Per cent,2019-Q3,2.223
Summary 1,25,Fixed rate loans Per cent,2019-Q4,2.134
Summary 1,25,Fixed rate loans Per cent,2020-Q1,2.056
Summary 1,25,Fixed rate loans Per cent,2020-Q2,1.964
Summary 1,25,Fixed rate loans Per cent,2020-Q3,1.938
Summary 1,25,Fixed rate loans Per cent,2020-Q4,2.056
Summary 1,25,Fixed rate loans Per cent,2021-Q1,2.169
Summary 1,25,Fixed rate loans Per cent,2021-Q2,2.197
Summary 1,25,Fixed rate loans Per cent,2021-Q3,2.138
Summary 1,25,Fixed rate loans Per cent,2021-Q4,1.905
Summary 1,25,Fixed rate loans Per cent,2022-Q1,1.87
Summary 1,25,Fixed rate loans Per cent,2022-Q2,2.143
Summary 1,25,Fixed rate loans Per cent,2022-Q3,2.685
Summary 1,25,Fixed rate loans Per cent,2022-Q4,3.388
Summary 1,25,Fixed rate loans Per cent,2023-Q1,4.169
Summary 1,25,Fixed rate loans Per cent,2023-Q2,4.508
Summary 1,25,Fixed rate loans Per cent,2023-Q3,4.728
Summary 1,25,Fixed rate loans Per cent,2023-Q4,5.217
Summary 1,25,Fixed rate loans Per cent,2024-Q1,4.897
Summary 1,25,Fixed rate loans Per cent,2024-Q2,4.764
Summary 1,25,Fixed rate loans Per cent,2024-Q3,4.829
Summary 1,25,Fixed rate loans Per cent,2024-Q4,4.615
Summary 1,25,Fixed rate loans Per cent,2025-Q1,4.592
Summary 1,25,Fixed rate loans Per cent,2025-Q2,4.585
Summary 1,25,Fixed rate loans Per cent,2025-Q3,4.435
Summary 1,25,Fixed rate loans Per cent,2025-Q4,4.344
Summary 1,26,Variable rate loans Per cent,2007-Q1,5.882
Summary 1,26,Variable rate loans Per cent,2007-Q2,6.051
Summary 1,26,Variable rate loans Per cent,2007-Q3,6.251
Summary 1,26,Variable rate loans Per cent,2007-Q4,6.137
Summary 1,26,Variable rate loans Per cent,2008-Q1,5.874
Summary 1,26,Variable rate loans Per cent,2008-Q2,5.834
Summary 1,26,Variable rate loans Per cent,2008-Q3,6.111
Summary 1,26,Variable rate loans Per cent,2008-Q4,4.327
Summary 1,26,Variable rate loans Per cent,2009-Q1,2.914
Summary 1,26,Variable rate loans Per cent,2009-Q2,2.749
Summary 1,26,Variable rate loans Per cent,2009-Q3,2.92
Summary 1,26,Variable rate loans Per cent,2009-Q4,2.982
Summary 1,26,Variable rate loans Per cent,2010-Q1,3.211
Summary 1,26,Variable rate loans Per cent,2010-Q2,3.214
Summary 1,26,Variable rate loans Per cent,2010-Q3,3.197
Summary 1,26,Variable rate loans Per cent,2010-Q4,3.032
Summary 1,26,Variable rate loans Per cent,2011-Q1,3.029
Summary 1,26,Variable rate loans Per cent,2011-Q2,3.012
Summary 1,26,Variable rate loans Per cent,2011-Q3,2.898
Summary 1,26,Variable rate loans Per cent,2011-Q4,2.958
Summary 1,26,Variable rate loans Per cent,2012-Q1,2.896
Summary 1,26,Variable rate loans Per cent,2012-Q2,3.196
Summary 1,26,Variable rate loans Per cent,2012-Q3,3.319
Summary 1,26,Variable rate loans Per cent,2012-Q4,3.295
Summary 1,26,Variable rate loans Per cent,2013-Q1,3.285
Summary 1,26,Variable rate loans Per cent,2013-Q2,3.14
Summary 1,26,Variable rate loans Per cent,2013-Q3,3.066
Summary 1,26,Variable rate loans Per cent,2013-Q4,2.995
Summary 1,26,Variable rate loans Per cent,2014-Q1,2.932
Summary 1,26,Variable rate loans Per cent,2014-Q2,2.829
Summary 1,26,Variable rate loans Per cent,2014-Q3,2.787
Summary 1,26,Variable rate loans Per cent,2014-Q4,2.737
Summary 1,26,Variable rate loans Per cent,2015-Q1,2.577
Summary 1,26,Variable rate loans Per cent,2015-Q2,2.502
Summary 1,26,Variable rate loans Per cent,2015-Q3,2.47
Summary 1,26,Variable rate loans Per cent,2015-Q4,2.507
Summary 1,26,Variable rate loans Per cent,2016-Q1,2.518
Summary 1,26,Variable rate loans Per cent,2016-Q2,2.347
Summary 1,26,Variable rate loans Per cent,2016-Q3,2.212
Summary 1,26,Variable rate loans Per cent,2016-Q4,2.158
Summary 1,26,Variable rate loans Per cent,2017-Q1,2.348
Summary 1,26,Variable rate loans Per cent,2017-Q2,2.304
Summary 1,26,Variable rate loans Per cent,2017-Q3,2.236
Summary 1,26,Variable rate loans Per cent,2017-Q4,2.368
Summary 1,26,Variable rate loans Per cent,2018-Q1,2.406
Summary 1,26,Variable rate loans Per cent,2018-Q2,2.525
Summary 1,26,Variable rate loans Per cent,2018-Q3,2.487
Summary 1,26,Variable rate loans Per cent,2018-Q4,2.527
Summary 1,26,Variable rate loans Per cent,2019-Q1,2.565
Summary 1,26,Variable rate loans Per cent,2019-Q2,2.474
Summary 1,26,Variable rate loans Per cent,2019-Q3,2.499
Summary 1,26,Variable rate loans Per cent,2019-Q4,2.442
Summary 1,26,Variable rate loans Per cent,2020-Q1,2.238
Summary 1,26,Variable rate loans Per cent,2020-Q2,1.826
Summary 1,26,Variable rate loans Per cent,2020-Q3,1.876
Summary 1,26,Variable rate loans Per cent,2020-Q4,2.06
Summary 1,26,Variable rate loans Per cent,2021-Q1,2.168
Summary 1,26,Variable rate loans Per cent,2021-Q2,2.211
Summary 1,26,Variable rate loans Per cent,2021-Q3,2.28
Summary 1,26,Variable rate loans Per cent,2021-Q4,2.214
Summary 1,26,Variable rate loans Per cent,2022-Q1,2.405
Summary 1,26,Variable rate loans Per cent,2022-Q2,2.874
Summary 1,26,Variable rate loans Per cent,2022-Q3,3.497
Summary 1,26,Variable rate loans Per cent,2022-Q4,4.514
Summary 1,26,Variable rate loans Per cent,2023-Q1,5.075
Summary 1,26,Variable rate loans Per cent,2023-Q2,5.627
Summary 1,26,Variable rate loans Per cent,2023-Q3,6.105
Summary 1,26,Variable rate loans Per cent,2023-Q4,6.122
Summary 1,26,Variable rate loans Per cent,2024-Q1,6.168
Summary 1,26,Variable rate loans Per cent,2024-Q2,6.351
Summary 1,26,Variable rate loans Per cent,2024-Q3,6.028
Summary 1,26,Variable rate loans Per cent,2024-Q4,5.869
Summary 1,26,Variable rate loans Per cent,2025-Q1,5.513
Summary 1,26,Variable rate loans Per cent,2025-Q2,5.279
Summary 1,26,Variable rate loans Per cent,2025-Q3,4.907
Summary 1,26,Variable rate loans Per cent,2025-Q4,4.855
Summary 1,27,All loans Per cent,2007-Q1,5.533
Summary 1,27,All loans Per cent,2007-Q2,5.711
Summary 1,27,All loans Per cent,2007-Q3,5.93
Summary 1,27,All loans Per cent,2007-Q4,6.066
Summary 1,27,All loans Per cent,2008-Q1,5.895
Summary 1,27,All loans Per cent,2008-Q2,5.828
Summary 1,27,All loans Per cent,2008-Q3,6.113
Summary 1,27,All loans Per cent,2008-Q4,5.08
Summary 1,27,All loans Per cent,2009-Q1,4.051
Summary 1,27,All loans Per cent,2009-Q2,4.033
Summary 1,27,All loans Per cent,2009-Q3,4.172
Summary 1,27,All loans Per cent,2009-Q4,3.981
Summary 1,27,All loans Per cent,2010-Q1,3.843
Summary 1,27,All loans Per cent,2010-Q2,3.794
Summary 1,27,All loans Per cent,2010-Q3,3.787
Summary 1,27,All loans Per cent,2010-Q4,3.65
Summary 1,27,All loans Per cent,2011-Q1,3.648
Summary 1,27,All loans Per cent,2011-Q2,3.808
Summary 1,27,All loans Per cent,2011-Q3,3.591
Summary 1,27,All loans Per cent,2011-Q4,3.485
Summary 1,27,All loans Per cent,2012-Q1,3.498
Summary 1,27,All loans Per cent,2012-Q2,3.776
Summary 1,27,All loans Per cent,2012-Q3,3.886
Summary 1,27,All loans Per cent,2012-Q4,3.806
Summary 1,27,All loans Per cent,2013-Q1,3.648
Summary 1,27,All loans Per cent,2013-Q2,3.468
Summary 1,27,All loans Per cent,2013-Q3,3.322
Summary 1,27,All loans Per cent,2013-Q4,3.246
Summary 1,27,All loans Per cent,2014-Q1,3.244
Summary 1,27,All loans Per cent,2014-Q2,3.258
Summary 1,27,All loans Per cent,2014-Q3,3.315
Summary 1,27,All loans Per cent,2014-Q4,3.257
Summary 1,27,All loans Per cent,2015-Q1,2.991
Summary 1,27,All loans Per cent,2015-Q2,2.827
Summary 1,27,All loans Per cent,2015-Q3,2.733
Summary 1,27,All loans Per cent,2015-Q4,2.689
Summary 1,27,All loans Per cent,2016-Q1,2.635
Summary 1,27,All loans Per cent,2016-Q2,2.554
Summary 1,27,All loans Per cent,2016-Q3,2.466
Summary 1,27,All loans Per cent,2016-Q4,2.338
Summary 1,27,All loans Per cent,2017-Q1,2.3
Summary 1,27,All loans Per cent,2017-Q2,2.276
Summary 1,27,All loans Per cent,2017-Q3,2.202
Summary 1,27,All loans Per cent,2017-Q4,2.187
Summary 1,27,All loans Per cent,2018-Q1,2.199
Summary 1,27,All loans Per cent,2018-Q2,2.271
Summary 1,27,All loans Per cent,2018-Q3,2.292
Summary 1,27,All loans Per cent,2018-Q4,2.286
Summary 1,27,All loans Per cent,2019-Q1,2.313
Summary 1,27,All loans Per cent,2019-Q2,2.285
Summary 1,27,All loans Per cent,2019-Q3,2.245
Summary 1,27,All loans Per cent,2019-Q4,2.159
Summary 1,27,All loans Per cent,2020-Q1,2.07
Summary 1,27,All loans Per cent,2020-Q2,1.949
Summary 1,27,All loans Per cent,2020-Q3,1.933
Summary 1,27,All loans Per cent,2020-Q4,2.057
Summary 1,27,All loans Per cent,2021-Q1,2.17
Summary 1,27,All loans Per cent,2021-Q2,2.198
Summary 1,27,All loans Per cent,2021-Q3,2.146
Summary 1,27,All loans Per cent,2021-Q4,1.924
Summary 1,27,All loans Per cent,2022-Q1,1.901
Summary 1,27,All loans Per cent,2022-Q2,2.176
Summary 1,27,All loans Per cent,2022-Q3,2.721
Summary 1,27,All loans Per cent,2022-Q4,3.447
Summary 1,27,All loans Per cent,2023-Q1,4.319
Summary 1,27,All loans Per cent,2023-Q2,4.683
Summary 1,27,All loans Per cent,2023-Q3,4.86
Summary 1,27,All loans Per cent,2023-Q4,5.341
Summary 1,27,All loans Per cent,2024-Q1,5.05
Summary 1,27,All loans Per cent,2024-Q2,4.87
Summary 1,27,All loans Per cent,2024-Q3,4.909
Summary 1,27,All loans Per cent,2024-Q4,4.685
Summary 1,27,All loans Per cent,2025-Q1,4.646
Summary 1,27,All loans Per cent,2025-Q2,4.635
Summary 1,27,All loans Per cent,2025-Q3,4.469
Summary 1,27,All loans Per cent,2025-Q4,4.379
Summary 1,31,House purchase Per cent,2007-Q1,50.8
Summary 1,31,House purchase Per cent,2007-Q2,54.34
Summary 1,31,House purchase Per cent,2007-Q3,55.21
Summary 1,31,House purchase Per cent,2007-Q4,53.59
Summary 1,31,House purchase Per cent,2008-Q1,42.77
Summary 1,31,House purchase Per cent,2008-Q2,44.35
Summary 1,31,House purchase Per cent,2008-Q3,37.56
Summary 1,31,House purchase Per cent,2008-Q4,38.19
Summary 1,31,House purchase Per cent,2009-Q1,36.84
Summary 1,31,House purchase Per cent,2009-Q2,50.67
Summary 1,31,House purchase Per cent,2009-Q3,57.35
Summary 1,31,House purchase Per cent,2009-Q4,61.99
Summary 1,31,House purchase Per cent,2010-Q1,57.61
Summary 1,31,House purchase Per cent,2010-Q2,61.18
Summary 1,31,House purchase Per cent,2010-Q3,63.63
Summary 1,31,House purchase Per cent,2010-Q4,60.63
Summary 1,31,House purchase Per cent,2011-Q1,53.89
Summary 1,31,House purchase Per cent,2011-Q2,59.13
Summary 1,31,House purchase Per cent,2011-Q3,60.5
Summary 1,31,House purchase Per cent,2011-Q4,61.26
Summary 1,31,House purchase Per cent,2012-Q1,59.38
Summary 1,31,House purchase Per cent,2012-Q2,62.45
Summary 1,31,House purchase Per cent,2012-Q3,66.3
Summary 1,31,House purchase Per cent,2012-Q4,66.11
Summary 1,31,House purchase Per cent,2013-Q1,63.0
Summary 1,31,House purchase Per cent,2013-Q2,64.73
Summary 1,31,House purchase Per cent,2013-Q3,67.38
Summary 1,31,House purchase Per cent,2013-Q4,68.07
Summary 1,31,House purchase Per cent,2014-Q1,66.17
Summary 1,31,House purchase Per cent,2014-Q2,69.93
Summary 1,31,House purchase Per cent,2014-Q3,71.63
Summary 1,31,House purchase Per cent,2014-Q4,70.87
Summary 1,31,House purchase Per cent,2015-Q1,66.514
Summary 1,31,House purchase Per cent,2015-Q2,68.278
Summary 1,31,House purchase Per cent,2015-Q3,70.771
Summary 1,31,House purchase Per cent,2015-Q4,69.705
Summary 1,31,House purchase Per cent,2016-Q1,69.764
Summary 1,31,House purchase Per cent,2016-Q2,63.745
Summary 1,31,House purchase Per cent,2016-Q3,66.578
Summary 1,31,House purchase Per cent,2016-Q4,66.526
Summary 1,31,House purchase Per cent,2017-Q1,61.794
Summary 1,31,House purchase Per cent,2017-Q2,66.659
Summary 1,31,House purchase Per cent,2017-Q3,66.466
Summary 1,31,House purchase Per cent,2017-Q4,65.064
Summary 1,31,House purchase Per cent,2018-Q1,61.249
Summary 1,31,House purchase Per cent,2018-Q2,63.169
Summary 1,31,House purchase Per cent,2018-Q3,64.003
Summary 1,31,House purchase Per cent,2018-Q4,63.499
Summary 1,31,House purchase Per cent,2019-Q1,60.069
Summary 1,31,House purchase Per cent,2019-Q2,63.66
Summary 1,31,House purchase Per cent,2019-Q3,65.532
Summary 1,31,House purchase Per cent,2019-Q4,64.484
Summary 1,31,House purchase Per cent,2020-Q1,60.795
Summary 1,31,House purchase Per cent,2020-Q2,55.915
Summary 1,31,House purchase Per cent,2020-Q3,68.323
Summary 1,31,House purchase Per cent,2020-Q4,75.058
Summary 1,31,House purchase Per cent,2021-Q1,75.828
Summary 1,31,House purchase Per cent,2021-Q2,77.824
Summary 1,31,House purchase Per cent,2021-Q3,70.775
Summary 1,31,House purchase Per cent,2021-Q4,64.826
Summary 1,31,House purchase Per cent,2022-Q1,64.09
Summary 1,31,House purchase Per cent,2022-Q2,66.045
Summary 1,31,House purchase Per cent,2022-Q3,68.627
Summary 1,31,House purchase Per cent,2022-Q4,67.23
Summary 1,31,House purchase Per cent,2023-Q1,60.211
Summary 1,31,House purchase Per cent,2023-Q2,62.526
Summary 1,31,House purchase Per cent,2023-Q3,65.762
Summary 1,31,House purchase Per cent,2023-Q4,66.773
Summary 1,31,House purchase Per cent,2024-Q1,62.972
Summary 1,31,House purchase Per cent,2024-Q2,66.564
Summary 1,31,House purchase Per cent,2024-Q3,72.398
Summary 1,31,House purchase Per cent,2024-Q4,71.925
Summary 1,31,House purchase Per cent,2025-Q1,74.388
Summary 1,31,House purchase Per cent,2025-Q2,65.28
Summary 1,31,House purchase Per cent,2025-Q3,66.783
Summary 1,31,House purchase Per cent,2025-Q4,70.027
Summary 1,32,Of which:  First time buyers Per cent,2007-Q1,12.24
Summary 1,32,Of which:  First time buyers Per cent,2007-Q2,12.93
Summary 1,32,Of which:  First time buyers Per cent,2007-Q3,12.84
Summary 1,32,Of which:  First time buyers Per cent,2007-Q4,12.12
Summary 1,32,Of which:  First time buyers Per cent,2008-Q1,9.34
Summary 1,32,Of which:  First time buyers Per cent,2008-Q2,10.15
Summary 1,32,Of which:  First time buyers Per cent,2008-Q3,9.24
Summary 1,32,Of which:  First time buyers Per cent,2008-Q4,9.96
Summary 1,32,Of which:  First time buyers Per cent,2009-Q1,9.99
Summary 1,32,Of which:  First time buyers Per cent,2009-Q2,14.14
Summary 1,32,Of which:  First time buyers Per cent,2009-Q3,16.28
Summary 1,32,Of which:  First time buyers Per cent,2009-Q4,18.4
Summary 1,32,Of which:  First time buyers Per cent,2010-Q1,15.73
Summary 1,32,Of which:  First time buyers Per cent,2010-Q2,17.01
Summary 1,32,Of which:  First time buyers Per cent,2010-Q3,17.14
Summary 1,32,Of which:  First time buyers Per cent,2010-Q4,16.43
Summary 1,32,Of which:  First time buyers Per cent,2011-Q1,14.15
Summary 1,32,Of which:  First time buyers Per cent,2011-Q2,16.35
Summary 1,32,Of which:  First time buyers Per cent,2011-Q3,15.82
Summary 1,32,Of which:  First time buyers Per cent,2011-Q4,16.58
Summary 1,32,Of which:  First time buyers Per cent,2012-Q1,17.96
Summary 1,32,Of which:  First time buyers Per cent,2012-Q2,16.46
Summary 1,32,Of which:  First time buyers Per cent,2012-Q3,18.22
Summary 1,32,Of which:  First time buyers Per cent,2012-Q4,19.1
Summary 1,32,Of which:  First time buyers Per cent,2013-Q1,18.01
Summary 1,32,Of which:  First time buyers Per cent,2013-Q2,18.97
Summary 1,32,Of which:  First time buyers Per cent,2013-Q3,19.83
Summary 1,32,Of which:  First time buyers Per cent,2013-Q4,20.41
Summary 1,32,Of which:  First time buyers Per cent,2014-Q1,19.85
Summary 1,32,Of which:  First time buyers Per cent,2014-Q2,21.88
Summary 1,32,Of which:  First time buyers Per cent,2014-Q3,21.58
Summary 1,32,Of which:  First time buyers Per cent,2014-Q4,21.63
Summary 1,32,Of which:  First time buyers Per cent,2015-Q1,18.923
Summary 1,32,Of which:  First time buyers Per cent,2015-Q2,20.38
Summary 1,32,Of which:  First time buyers Per cent,2015-Q3,20.39
Summary 1,32,Of which:  First time buyers Per cent,2015-Q4,20.865
Summary 1,32,Of which:  First time buyers Per cent,2016-Q1,16.907
Summary 1,32,Of which:  First time buyers Per cent,2016-Q2,21.997
Summary 1,32,Of which:  First time buyers Per cent,2016-Q3,22.03
Summary 1,32,Of which:  First time buyers Per cent,2016-Q4,22.062
Summary 1,32,Of which:  First time buyers Per cent,2017-Q1,19.215
Summary 1,32,Of which:  First time buyers Per cent,2017-Q2,22.045
Summary 1,32,Of which:  First time buyers Per cent,2017-Q3,21.075
Summary 1,32,Of which:  First time buyers Per cent,2017-Q4,21.203
Summary 1,32,Of which:  First time buyers Per cent,2018-Q1,19.562
Summary 1,32,Of which:  First time buyers Per cent,2018-Q2,21.368
Summary 1,32,Of which:  First time buyers Per cent,2018-Q3,20.975
Summary 1,32,Of which:  First time buyers Per cent,2018-Q4,21.26
Summary 1,32,Of which:  First time buyers Per cent,2019-Q1,19.204
Summary 1,32,Of which:  First time buyers Per cent,2019-Q2,21.274
Summary 1,32,Of which:  First time buyers Per cent,2019-Q3,21.91
Summary 1,32,Of which:  First time buyers Per cent,2019-Q4,21.444
Summary 1,32,Of which:  First time buyers Per cent,2020-Q1,19.831
Summary 1,32,Of which:  First time buyers Per cent,2020-Q2,18.12
Summary 1,32,Of which:  First time buyers Per cent,2020-Q3,22.865
Summary 1,32,Of which:  First time buyers Per cent,2020-Q4,24.318
Summary 1,32,Of which:  First time buyers Per cent,2021-Q1,21.856
Summary 1,32,Of which:  First time buyers Per cent,2021-Q2,24.693
Summary 1,32,Of which:  First time buyers Per cent,2021-Q3,24.263
Summary 1,32,Of which:  First time buyers Per cent,2021-Q4,23.283
Summary 1,32,Of which:  First time buyers Per cent,2022-Q1,21.408
Summary 1,32,Of which:  First time buyers Per cent,2022-Q2,22.419
Summary 1,32,Of which:  First time buyers Per cent,2022-Q3,23.268
Summary 1,32,Of which:  First time buyers Per cent,2022-Q4,24.167
Summary 1,32,Of which:  First time buyers Per cent,2023-Q1,22.93
Summary 1,32,Of which:  First time buyers Per cent,2023-Q2,24.787
Summary 1,32,Of which:  First time buyers Per cent,2023-Q3,26.187
Summary 1,32,Of which:  First time buyers Per cent,2023-Q4,27.675
Summary 1,32,Of which:  First time buyers Per cent,2024-Q1,25.784
Summary 1,32,Of which:  First time buyers Per cent,2024-Q2,27.362
Summary 1,32,Of which:  First time buyers Per cent,2024-Q3,29.311
Summary 1,32,Of which:  First time buyers Per cent,2024-Q4,29.563
Summary 1,32,Of which:  First time buyers Per cent,2025-Q1,31.374
Summary 1,32,Of which:  First time buyers Per cent,2025-Q2,27.371
Summary 1,32,Of which:  First time buyers Per cent,2025-Q3,27.379
Summary 1,32,Of which:  First time buyers Per cent,2025-Q4,28.647
Summary 1,33,Buy to let Per cent,2007-Q1,10.71
Summary 1,33,Buy to let Per cent,2007-Q2,11.41
Summary 1,33,Buy to let Per cent,2007-Q3,11.34
Summary 1,33,Buy to let Per cent,2007-Q4,12.32
Summary 1,33,Buy to let Per cent,2008-Q1,12.25
Summary 1,33,Buy to let Per cent,2008-Q2,11.7
Summary 1,33,Buy to let Per cent,2008-Q3,7.91
Summary 1,33,Buy to let Per cent,2008-Q4,7.35
Summary 1,33,Buy to let Per cent,2009-Q1,5.8
Summary 1,33,Buy to let Per cent,2009-Q2,6.05
Summary 1,33,Buy to let Per cent,2009-Q3,5.44
Summary 1,33,Buy to let Per cent,2009-Q4,5.51
Summary 1,33,Buy to let Per cent,2010-Q1,6.36
Summary 1,33,Buy to let Per cent,2010-Q2,6.74
Summary 1,33,Buy to let Per cent,2010-Q3,6.5
Summary 1,33,Buy to let Per cent,2010-Q4,7.67
Summary 1,33,Buy to let Per cent,2011-Q1,8.42
Summary 1,33,Buy to let Per cent,2011-Q2,8.98
Summary 1,33,Buy to let Per cent,2011-Q3,8.72
Summary 1,33,Buy to let Per cent,2011-Q4,9.48
Summary 1,33,Buy to let Per cent,2012-Q1,10.03
Summary 1,33,Buy to let Per cent,2012-Q2,10.71
Summary 1,33,Buy to let Per cent,2012-Q3,10.56
Summary 1,33,Buy to let Per cent,2012-Q4,11.18
Summary 1,33,Buy to let Per cent,2013-Q1,12.19
Summary 1,33,Buy to let Per cent,2013-Q2,12.23
Summary 1,33,Buy to let Per cent,2013-Q3,12.07
Summary 1,33,Buy to let Per cent,2013-Q4,13.04
Summary 1,33,Buy to let Per cent,2014-Q1,14.66
Summary 1,33,Buy to let Per cent,2014-Q2,13.81
Summary 1,33,Buy to let Per cent,2014-Q3,14.46
Summary 1,33,Buy to let Per cent,2014-Q4,15.08
Summary 1,33,Buy to let Per cent,2015-Q1,17.496
Summary 1,33,Buy to let Per cent,2015-Q2,16.781
Summary 1,33,Buy to let Per cent,2015-Q3,16.453
Summary 1,33,Buy to let Per cent,2015-Q4,16.502
Summary 1,33,Buy to let Per cent,2016-Q1,22.065
Summary 1,33,Buy to let Per cent,2016-Q2,13.905
Summary 1,33,Buy to let Per cent,2016-Q3,13.819
Summary 1,33,Buy to let Per cent,2016-Q4,14.385
Summary 1,33,Buy to let Per cent,2017-Q1,14.707
Summary 1,33,Buy to let Per cent,2017-Q2,13.063
Summary 1,33,Buy to let Per cent,2017-Q3,13.023
Summary 1,33,Buy to let Per cent,2017-Q4,12.918
Summary 1,33,Buy to let Per cent,2018-Q1,14.352
Summary 1,33,Buy to let Per cent,2018-Q2,13.168
Summary 1,33,Buy to let Per cent,2018-Q3,12.068
Summary 1,33,Buy to let Per cent,2018-Q4,12.51
Summary 1,33,Buy to let Per cent,2019-Q1,13.976
Summary 1,33,Buy to let Per cent,2019-Q2,13.187
Summary 1,33,Buy to let Per cent,2019-Q3,12.294
Summary 1,33,Buy to let Per cent,2019-Q4,12.373
Summary 1,33,Buy to let Per cent,2020-Q1,13.965
Summary 1,33,Buy to let Per cent,2020-Q2,14.398
Summary 1,33,Buy to let Per cent,2020-Q3,12.521
Summary 1,33,Buy to let Per cent,2020-Q4,11.147
Summary 1,33,Buy to let Per cent,2021-Q1,11.689
Summary 1,33,Buy to let Per cent,2021-Q2,11.396
Summary 1,33,Buy to let Per cent,2021-Q3,11.911
Summary 1,33,Buy to let Per cent,2021-Q4,11.796
Summary 1,33,Buy to let Per cent,2022-Q1,13.37
Summary 1,33,Buy to let Per cent,2022-Q2,13.633
Summary 1,33,Buy to let Per cent,2022-Q3,12.479
Summary 1,33,Buy to let Per cent,2022-Q4,11.869
Summary 1,33,Buy to let Per cent,2023-Q1,9.834
Summary 1,33,Buy to let Per cent,2023-Q2,8.156
Summary 1,33,Buy to let Per cent,2023-Q3,7.396
Summary 1,33,Buy to let Per cent,2023-Q4,7.036
Summary 1,33,Buy to let Per cent,2024-Q1,8.376
Summary 1,33,Buy to let Per cent,2024-Q2,9.08
Summary 1,33,Buy to let Per cent,2024-Q3,7.981
Summary 1,33,Buy to let Per cent,2024-Q4,8.276
Summary 1,33,Buy to let Per cent,2025-Q1,8.084
Summary 1,33,Buy to let Per cent,2025-Q2,9.231
Summary 1,33,Buy to let Per cent,2025-Q3,8.196
Summary 1,33,Buy to let Per cent,2025-Q4,8.411
Summary 1,34,Other Per cent,2007-Q1,27.85
Summary 1,34,Other Per cent,2007-Q2,30.0
Summary 1,34,Other Per cent,2007-Q3,31.03
Summary 1,34,Other Per cent,2007-Q4,29.14
Summary 1,34,Other Per cent,2008-Q1,21.18
Summary 1,34,Other Per cent,2008-Q2,22.5
Summary 1,34,Other Per cent,2008-Q3,20.4
Summary 1,34,Other Per cent,2008-Q4,20.88
Summary 1,34,Other Per cent,2009-Q1,21.05
Summary 1,34,Other Per cent,2009-Q2,30.47
Summary 1,34,Other Per cent,2009-Q3,35.63
Summary 1,34,Other Per cent,2009-Q4,38.08
Summary 1,34,Other Per cent,2010-Q1,35.52
Summary 1,34,Other Per cent,2010-Q2,37.42
Summary 1,34,Other Per cent,2010-Q3,39.99
Summary 1,34,Other Per cent,2010-Q4,36.53
Summary 1,34,Other Per cent,2011-Q1,31.32
Summary 1,34,Other Per cent,2011-Q2,33.81
Summary 1,34,Other Per cent,2011-Q3,35.96
Summary 1,34,Other Per cent,2011-Q4,35.21
Summary 1,34,Other Per cent,2012-Q1,31.39
Summary 1,34,Other Per cent,2012-Q2,35.29
Summary 1,34,Other Per cent,2012-Q3,37.53
Summary 1,34,Other Per cent,2012-Q4,35.83
Summary 1,34,Other Per cent,2013-Q1,32.8
Summary 1,34,Other Per cent,2013-Q2,33.52
Summary 1,34,Other Per cent,2013-Q3,35.49
Summary 1,34,Other Per cent,2013-Q4,34.62
Summary 1,34,Other Per cent,2014-Q1,31.65
Summary 1,34,Other Per cent,2014-Q2,34.23
Summary 1,34,Other Per cent,2014-Q3,35.6
Summary 1,34,Other Per cent,2014-Q4,34.15
Summary 1,34,Other Per cent,2015-Q1,30.095
Summary 1,34,Other Per cent,2015-Q2,31.117
Summary 1,34,Other Per cent,2015-Q3,33.927
Summary 1,34,Other Per cent,2015-Q4,32.337
Summary 1,34,Other Per cent,2016-Q1,30.791
Summary 1,34,Other Per cent,2016-Q2,27.843
Summary 1,34,Other Per cent,2016-Q3,30.728
Summary 1,34,Other Per cent,2016-Q4,30.079
Summary 1,34,Other Per cent,2017-Q1,27.872
Summary 1,34,Other Per cent,2017-Q2,31.551
Summary 1,34,Other Per cent,2017-Q3,32.368
Summary 1,34,Other Per cent,2017-Q4,30.944
Summary 1,34,Other Per cent,2018-Q1,27.336
Summary 1,34,Other Per cent,2018-Q2,28.632
Summary 1,34,Other Per cent,2018-Q3,30.96
Summary 1,34,Other Per cent,2018-Q4,29.729
Summary 1,34,Other Per cent,2019-Q1,26.889
Summary 1,34,Other Per cent,2019-Q2,29.199
Summary 1,34,Other Per cent,2019-Q3,31.329
Summary 1,34,Other Per cent,2019-Q4,30.667
Summary 1,34,Other Per cent,2020-Q1,27.0
Summary 1,34,Other Per cent,2020-Q2,23.397
Summary 1,34,Other Per cent,2020-Q3,32.937
Summary 1,34,Other Per cent,2020-Q4,39.593
Summary 1,34,Other Per cent,2021-Q1,42.283
Summary 1,34,Other Per cent,2021-Q2,41.735
Summary 1,34,Other Per cent,2021-Q3,34.601
Summary 1,34,Other Per cent,2021-Q4,29.747
Summary 1,34,Other Per cent,2022-Q1,29.312
Summary 1,34,Other Per cent,2022-Q2,29.994
Summary 1,34,Other Per cent,2022-Q3,32.879
Summary 1,34,Other Per cent,2022-Q4,31.194
Summary 1,34,Other Per cent,2023-Q1,27.447
Summary 1,34,Other Per cent,2023-Q2,29.583
Summary 1,34,Other Per cent,2023-Q3,32.18
Summary 1,34,Other Per cent,2023-Q4,32.062
Summary 1,34,Other Per cent,2024-Q1,28.811
Summary 1,34,Other Per cent,2024-Q2,30.121
Summary 1,34,Other Per cent,2024-Q3,35.106
Summary 1,34,Other Per cent,2024-Q4,34.086
Summary 1,34,Other Per cent,2025-Q1,34.93
Summary 1,34,Other Per cent,2025-Q2,28.678
Summary 1,34,Other Per cent,2025-Q3,31.208
Summary 1,34,Other Per cent,2025-Q4,32.969
Summary 1,36,Further advances Per cent,2007-Q1,5.6
Summary 1,36,Further advances Per cent,2007-Q2,5.15
Summary 1,36,Further advances Per cent,2007-Q3,4.46
Summary 1,36,Further advances Per cent,2007-Q4,4.31
Summary 1,36,Further advances Per cent,2008-Q1,5.48
Summary 1,36,Further advances Per cent,2008-Q2,5.28
Summary 1,36,Further advances Per cent,2008-Q3,5.32
Summary 1,36,Further advances Per cent,2008-Q4,5.52
Summary 1,36,Further advances Per cent,2009-Q1,7.42
Summary 1,36,Further advances Per cent,2009-Q2,6.73
Summary 1,36,Further advances Per cent,2009-Q3,5.65
Summary 1,36,Further advances Per cent,2009-Q4,5.01
Summary 1,36,Further advances Per cent,2010-Q1,5.63
Summary 1,36,Further advances Per cent,2010-Q2,5.1
Summary 1,36,Further advances Per cent,2010-Q3,4.57
Summary 1,36,Further advances Per cent,2010-Q4,4.16
Summary 1,36,Further advances Per cent,2011-Q1,4.33
Summary 1,36,Further advances Per cent,2011-Q2,3.91
Summary 1,36,Further advances Per cent,2011-Q3,3.55
Summary 1,36,Further advances Per cent,2011-Q4,3.56
Summary 1,36,Further advances Per cent,2012-Q1,3.67
Summary 1,36,Further advances Per cent,2012-Q2,3.43
Summary 1,36,Further advances Per cent,2012-Q3,3.15
Summary 1,36,Further advances Per cent,2012-Q4,2.83
Summary 1,36,Further advances Per cent,2013-Q1,3.54
Summary 1,36,Further advances Per cent,2013-Q2,2.95
Summary 1,36,Further advances Per cent,2013-Q3,2.66
Summary 1,36,Further advances Per cent,2013-Q4,2.51
Summary 1,36,Further advances Per cent,2014-Q1,2.85
Summary 1,36,Further advances Per cent,2014-Q2,2.42
Summary 1,36,Further advances Per cent,2014-Q3,2.18
Summary 1,36,Further advances Per cent,2014-Q4,2.37
Summary 1,36,Further advances Per cent,2015-Q1,2.614
Summary 1,36,Further advances Per cent,2015-Q2,2.509
Summary 1,36,Further advances Per cent,2015-Q3,2.35
Summary 1,36,Further advances Per cent,2015-Q4,2.213
Summary 1,36,Further advances Per cent,2016-Q1,2.574
Summary 1,36,Further advances Per cent,2016-Q2,3.181
Summary 1,36,Further advances Per cent,2016-Q3,2.783
Summary 1,36,Further advances Per cent,2016-Q4,2.938
Summary 1,36,Further advances Per cent,2017-Q1,2.904
Summary 1,36,Further advances Per cent,2017-Q2,2.727
Summary 1,36,Further advances Per cent,2017-Q3,2.503
Summary 1,36,Further advances Per cent,2017-Q4,2.524
Summary 1,36,Further advances Per cent,2018-Q1,2.816
Summary 1,36,Further advances Per cent,2018-Q2,2.754
Summary 1,36,Further advances Per cent,2018-Q3,2.518
Summary 1,36,Further advances Per cent,2018-Q4,2.401
Summary 1,36,Further advances Per cent,2019-Q1,3.253
Summary 1,36,Further advances Per cent,2019-Q2,3.424
Summary 1,36,Further advances Per cent,2019-Q3,3.243
Summary 1,36,Further advances Per cent,2019-Q4,3.085
Summary 1,36,Further advances Per cent,2020-Q1,3.353
Summary 1,36,Further advances Per cent,2020-Q2,2.853
Summary 1,36,Further advances Per cent,2020-Q3,3.325
Summary 1,36,Further advances Per cent,2020-Q4,3.315
Summary 1,36,Further advances Per cent,2021-Q1,3.11
Summary 1,36,Further advances Per cent,2021-Q2,2.82
Summary 1,36,Further advances Per cent,2021-Q3,3.334
Summary 1,36,Further advances Per cent,2021-Q4,3.436
Summary 1,36,Further advances Per cent,2022-Q1,3.394
Summary 1,36,Further advances Per cent,2022-Q2,3.214
Summary 1,36,Further advances Per cent,2022-Q3,2.945
Summary 1,36,Further advances Per cent,2022-Q4,2.362
Summary 1,36,Further advances Per cent,2023-Q1,1.955
Summary 1,36,Further advances Per cent,2023-Q2,2.274
Summary 1,36,Further advances Per cent,2023-Q3,1.813
Summary 1,36,Further advances Per cent,2023-Q4,1.699
Summary 1,36,Further advances Per cent,2024-Q1,2.172
Summary 1,36,Further advances Per cent,2024-Q2,2.188
Summary 1,36,Further advances Per cent,2024-Q3,2.074
Summary 1,36,Further advances Per cent,2024-Q4,1.981
Summary 1,36,Further advances Per cent,2025-Q1,1.903
Summary 1,36,Further advances Per cent,2025-Q2,2.799
Summary 1,36,Further advances Per cent,2025-Q3,2.301
Summary 1,36,Further advances Per cent,2025-Q4,2.209
Summary 1,37,Remortgage Per cent,2007-Q1,41.16
Summary 1,37,Remortgage Per cent,2007-Q2,38.42
Summary 1,37,Remortgage Per cent,2007-Q3,37.88
Summary 1,37,Remortgage Per cent,2007-Q4,39.46
Summary 1,37,Remortgage Per cent,2008-Q1,49.29
Summary 1,37,Remortgage Per cent,2008-Q2,48.02
Summary 1,37,Remortgage Per cent,2008-Q3,54.65
Summary 1,37,Remortgage Per cent,2008-Q4,53.52
Summary 1,37,Remortgage Per cent,2009-Q1,52.1
Summary 1,37,Remortgage Per cent,2009-Q2,39.2
Summary 1,37,Remortgage Per cent,2009-Q3,33.94
Summary 1,37,Remortgage Per cent,2009-Q4,29.72
Summary 1,37,Remortgage Per cent,2010-Q1,33.24
Summary 1,37,Remortgage Per cent,2010-Q2,30.35
Summary 1,37,Remortgage Per cent,2010-Q3,28.53
Summary 1,37,Remortgage Per cent,2010-Q4,31.36
Summary 1,37,Remortgage Per cent,2011-Q1,38.3
Summary 1,37,Remortgage Per cent,2011-Q2,33.6
Summary 1,37,Remortgage Per cent,2011-Q3,32.77
Summary 1,37,Remortgage Per cent,2011-Q4,32.2
Summary 1,37,Remortgage Per cent,2012-Q1,33.49
Summary 1,37,Remortgage Per cent,2012-Q2,30.82
Summary 1,37,Remortgage Per cent,2012-Q3,27.13
Summary 1,37,Remortgage Per cent,2012-Q4,27.79
Summary 1,37,Remortgage Per cent,2013-Q1,29.55
Summary 1,37,Remortgage Per cent,2013-Q2,28.19
Summary 1,37,Remortgage Per cent,2013-Q3,26.5
Summary 1,37,Remortgage Per cent,2013-Q4,26.43
Summary 1,37,Remortgage Per cent,2014-Q1,27.33
Summary 1,37,Remortgage Per cent,2014-Q2,24.05
Summary 1,37,Remortgage Per cent,2014-Q3,23.03
Summary 1,37,Remortgage Per cent,2014-Q4,23.62
Summary 1,37,Remortgage Per cent,2015-Q1,26.591
Summary 1,37,Remortgage Per cent,2015-Q2,25.433
Summary 1,37,Remortgage Per cent,2015-Q3,23.508
Summary 1,37,Remortgage Per cent,2015-Q4,24.607
Summary 1,37,Remortgage Per cent,2016-Q1,24.492
Summary 1,37,Remortgage Per cent,2016-Q2,29.227
Summary 1,37,Remortgage Per cent,2016-Q3,27.572
Summary 1,37,Remortgage Per cent,2016-Q4,27.15
Summary 1,37,Remortgage Per cent,2017-Q1,31.308
Summary 1,37,Remortgage Per cent,2017-Q2,27.494
Summary 1,37,Remortgage Per cent,2017-Q3,28.1
Summary 1,37,Remortgage Per cent,2017-Q4,29.359
Summary 1,37,Remortgage Per cent,2018-Q1,32.64
Summary 1,37,Remortgage Per cent,2018-Q2,30.646
Summary 1,37,Remortgage Per cent,2018-Q3,30.298
Summary 1,37,Remortgage Per cent,2018-Q4,31.05
Summary 1,37,Remortgage Per cent,2019-Q1,33.312
Summary 1,37,Remortgage Per cent,2019-Q2,29.53
Summary 1,37,Remortgage Per cent,2019-Q3,28.011
Summary 1,37,Remortgage Per cent,2019-Q4,29.188
Summary 1,37,Remortgage Per cent,2020-Q1,32.139
Summary 1,37,Remortgage Per cent,2020-Q2,37.827
Summary 1,37,Remortgage Per cent,2020-Q3,24.978
Summary 1,37,Remortgage Per cent,2020-Q4,18.45
Summary 1,37,Remortgage Per cent,2021-Q1,18.009
Summary 1,37,Remortgage Per cent,2021-Q2,16.547
Summary 1,37,Remortgage Per cent,2021-Q3,22.929
Summary 1,37,Remortgage Per cent,2021-Q4,28.121
Summary 1,37,Remortgage Per cent,2022-Q1,28.956
Summary 1,37,Remortgage Per cent,2022-Q2,27.027
Summary 1,37,Remortgage Per cent,2022-Q3,24.925
Summary 1,37,Remortgage Per cent,2022-Q4,27.334
Summary 1,37,Remortgage Per cent,2023-Q1,34.708
Summary 1,37,Remortgage Per cent,2023-Q2,32.225
Summary 1,37,Remortgage Per cent,2023-Q3,29.769
Summary 1,37,Remortgage Per cent,2023-Q4,28.365
Summary 1,37,Remortgage Per cent,2024-Q1,31.823
Summary 1,37,Remortgage Per cent,2024-Q2,28.586
Summary 1,37,Remortgage Per cent,2024-Q3,22.797
Summary 1,37,Remortgage Per cent,2024-Q4,23.543
Summary 1,37,Remortgage Per cent,2025-Q1,21.302
Summary 1,37,Remortgage Per cent,2025-Q2,28.992
Summary 1,37,Remortgage Per cent,2025-Q3,28.556
Summary 1,37,Remortgage Per cent,2025-Q4,25.42
Summary 1,38,Other Per cent,2007-Q1,2.43
Summary 1,38,Other Per cent,2007-Q2,2.09
Summary 1,38,Other Per cent,2007-Q3,2.44
Summary 1,38,Other Per cent,2007-Q4,2.64
Summary 1,38,Other Per cent,2008-Q1,2.46
Summary 1,38,Other Per cent,2008-Q2,2.35
Summary 1,38,Other Per cent,2008-Q3,2.47
Summary 1,38,Other Per cent,2008-Q4,2.77
Summary 1,38,Other Per cent,2009-Q1,3.63
Summary 1,38,Other Per cent,2009-Q2,3.41
Summary 1,38,Other Per cent,2009-Q3,3.06
Summary 1,38,Other Per cent,2009-Q4,3.28
Summary 1,38,Other Per cent,2010-Q1,3.52
Summary 1,38,Other Per cent,2010-Q2,3.38
Summary 1,38,Other Per cent,2010-Q3,3.26
Summary 1,38,Other Per cent,2010-Q4,3.85
Summary 1,38,Other Per cent,2011-Q1,3.48
Summary 1,38,Other Per cent,2011-Q2,3.36
Summary 1,38,Other Per cent,2011-Q3,3.19
Summary 1,38,Other Per cent,2011-Q4,2.98
Summary 1,38,Other Per cent,2012-Q1,3.46
Summary 1,38,Other Per cent,2012-Q2,3.3
Summary 1,38,Other Per cent,2012-Q3,3.42
Summary 1,38,Other Per cent,2012-Q4,3.27
Summary 1,38,Other Per cent,2013-Q1,3.91
Summary 1,38,Other Per cent,2013-Q2,4.13
Summary 1,38,Other Per cent,2013-Q3,3.46
Summary 1,38,Other Per cent,2013-Q4,3.0
Summary 1,38,Other Per cent,2014-Q1,3.65
Summary 1,38,Other Per cent,2014-Q2,3.6
Summary 1,38,Other Per cent,2014-Q3,3.16
Summary 1,38,Other Per cent,2014-Q4,3.14
Summary 1,38,Other Per cent,2015-Q1,4.282
Summary 1,38,Other Per cent,2015-Q2,3.78
Summary 1,38,Other Per cent,2015-Q3,3.372
Summary 1,38,Other Per cent,2015-Q4,3.476
Summary 1,38,Other Per cent,2016-Q1,3.171
Summary 1,38,Other Per cent,2016-Q2,3.847
Summary 1,38,Other Per cent,2016-Q3,3.067
Summary 1,38,Other Per cent,2016-Q4,3.386
Summary 1,38,Other Per cent,2017-Q1,3.993
Summary 1,38,Other Per cent,2017-Q2,3.121
Summary 1,38,Other Per cent,2017-Q3,2.931
Summary 1,38,Other Per cent,2017-Q4,3.052
Summary 1,38,Other Per cent,2018-Q1,3.295
Summary 1,38,Other Per cent,2018-Q2,3.431
Summary 1,38,Other Per cent,2018-Q3,3.18
Summary 1,38,Other Per cent,2018-Q4,3.05
Summary 1,38,Other Per cent,2019-Q1,3.367
Summary 1,38,Other Per cent,2019-Q2,3.386
Summary 1,38,Other Per cent,2019-Q3,3.214
Summary 1,38,Other Per cent,2019-Q4,3.243
Summary 1,38,Other Per cent,2020-Q1,3.713
Summary 1,38,Other Per cent,2020-Q2,3.405
Summary 1,38,Other Per cent,2020-Q3,3.375
Summary 1,38,Other Per cent,2020-Q4,3.176
Summary 1,38,Other Per cent,2021-Q1,3.053
Summary 1,38,Other Per cent,2021-Q2,2.808
Summary 1,38,Other Per cent,2021-Q3,2.963
Summary 1,38,Other Per cent,2021-Q4,3.617
Summary 1,38,Other Per cent,2022-Q1,3.559
Summary 1,38,Other Per cent,2022-Q2,3.714
Summary 1,38,Other Per cent,2022-Q3,3.504
Summary 1,38,Other Per cent,2022-Q4,3.074
Summary 1,38,Other Per cent,2023-Q1,3.126
Summary 1,38,Other Per cent,2023-Q2,2.975
Summary 1,38,Other Per cent,2023-Q3,2.656
Summary 1,38,Other Per cent,2023-Q4,3.163
Summary 1,38,Other Per cent,2024-Q1,3.034
Summary 1,38,Other Per cent,2024-Q2,2.662
Summary 1,38,Other Per cent,2024-Q3,2.731
Summary 1,38,Other Per cent,2024-Q4,2.551
Summary 1,38,Other Per cent,2025-Q1,2.408
Summary 1,38,Other Per cent,2025-Q2,2.929
Summary 1,38,Other Per cent,2025-Q3,2.36
Summary 1,38,Other Per cent,2025-Q4,2.344
Summary 1,41,House purchase Per cent,2007-Q1,48.96
Summary 1,41,House purchase Per cent,2007-Q2,52.37
Summary 1,41,House purchase Per cent,2007-Q3,49.84
Summary 1,41,House purchase Per cent,2007-Q4,43.54
Summary 1,41,House purchase Per cent,2008-Q1,35.25
Summary 1,41,House purchase Per cent,2008-Q2,35.07
Summary 1,41,House purchase Per cent,2008-Q3,31.76
Summary 1,41,House purchase Per cent,2008-Q4,31.92
Summary 1,41,House purchase Per cent,2009-Q1,44.08
Summary 1,41,House purchase Per cent,2009-Q2,55.0
Summary 1,41,House purchase Per cent,2009-Q3,61.86
Summary 1,41,House purchase Per cent,2009-Q4,63.17
Summary 1,41,House purchase Per cent,2010-Q1,58.79
Summary 1,41,House purchase Per cent,2010-Q2,63.12
Summary 1,41,House purchase Per cent,2010-Q3,61.23
Summary 1,41,House purchase Per cent,2010-Q4,55.32
Summary 1,41,House purchase Per cent,2011-Q1,51.57
Summary 1,41,House purchase Per cent,2011-Q2,61.37
Summary 1,41,House purchase Per cent,2011-Q3,59.72
Summary 1,41,House purchase Per cent,2011-Q4,57.79
Summary 1,41,House purchase Per cent,2012-Q1,58.17
Summary 1,41,House purchase Per cent,2012-Q2,64.57
Summary 1,41,House purchase Per cent,2012-Q3,65.49
Summary 1,41,House purchase Per cent,2012-Q4,63.52
Summary 1,41,House purchase Per cent,2013-Q1,62.54
Summary 1,41,House purchase Per cent,2013-Q2,66.12
Summary 1,41,House purchase Per cent,2013-Q3,64.9
Summary 1,41,House purchase Per cent,2013-Q4,66.35
Summary 1,41,House purchase Per cent,2014-Q1,65.22
Summary 1,41,House purchase Per cent,2014-Q2,70.37
Summary 1,41,House purchase Per cent,2014-Q3,68.29
Summary 1,41,House purchase Per cent,2014-Q4,64.4
Summary 1,41,House purchase Per cent,2015-Q1,62.667
Summary 1,41,House purchase Per cent,2015-Q2,66.701
Summary 1,41,House purchase Per cent,2015-Q3,65.001
Summary 1,41,House purchase Per cent,2015-Q4,63.375
Summary 1,41,House purchase Per cent,2016-Q1,61.071
Summary 1,41,House purchase Per cent,2016-Q2,63.905
Summary 1,41,House purchase Per cent,2016-Q3,60.578
Summary 1,41,House purchase Per cent,2016-Q4,59.391
Summary 1,41,House purchase Per cent,2017-Q1,57.548
Summary 1,41,House purchase Per cent,2017-Q2,61.261
Summary 1,41,House purchase Per cent,2017-Q3,58.982
Summary 1,41,House purchase Per cent,2017-Q4,54.395
Summary 1,41,House purchase Per cent,2018-Q1,55.611
Summary 1,41,House purchase Per cent,2018-Q2,58.536
Summary 1,41,House purchase Per cent,2018-Q3,56.573
Summary 1,41,House purchase Per cent,2018-Q4,54.884
Summary 1,41,House purchase Per cent,2019-Q1,54.899
Summary 1,41,House purchase Per cent,2019-Q2,61.127
Summary 1,41,House purchase Per cent,2019-Q3,59.988
Summary 1,41,House purchase Per cent,2019-Q4,55.801
Summary 1,41,House purchase Per cent,2020-Q1,56.544
Summary 1,41,House purchase Per cent,2020-Q2,44.528
Summary 1,41,House purchase Per cent,2020-Q3,70.174
Summary 1,41,House purchase Per cent,2020-Q4,71.8
Summary 1,41,House purchase Per cent,2021-Q1,69.534
Summary 1,41,House purchase Per cent,2021-Q2,71.906
Summary 1,41,House purchase Per cent,2021-Q3,64.713
Summary 1,41,House purchase Per cent,2021-Q4,58.79
Summary 1,41,House purchase Per cent,2022-Q1,58.263
Summary 1,41,House purchase Per cent,2022-Q2,62.355
Summary 1,41,House purchase Per cent,2022-Q3,58.604
Summary 1,41,House purchase Per cent,2022-Q4,53.503
Summary 1,41,House purchase Per cent,2023-Q1,57.217
Summary 1,41,House purchase Per cent,2023-Q2,61.047
Summary 1,41,House purchase Per cent,2023-Q3,60.968
Summary 1,41,House purchase Per cent,2023-Q4,60.842
Summary 1,41,House purchase Per cent,2024-Q1,61.686
Summary 1,41,House purchase Per cent,2024-Q2,70.263
Summary 1,41,House purchase Per cent,2024-Q3,69.788
Summary 1,41,House purchase Per cent,2024-Q4,66.141
Summary 1,41,House purchase Per cent,2025-Q1,65.895
Summary 1,41,House purchase Per cent,2025-Q2,63.817
Summary 1,41,House purchase Per cent,2025-Q3,65.467
Summary 1,41,House purchase Per cent,2025-Q4,62.771
Summary 1,42,Remortgage Per cent,2007-Q1,41.81
Summary 1,42,Remortgage Per cent,2007-Q2,38.12
Summary 1,42,Remortgage Per cent,2007-Q3,41.27
Summary 1,42,Remortgage Per cent,2007-Q4,46.16
Summary 1,42,Remortgage Per cent,2008-Q1,53.98
Summary 1,42,Remortgage Per cent,2008-Q2,56.44
Summary 1,42,Remortgage Per cent,2008-Q3,57.9
Summary 1,42,Remortgage Per cent,2008-Q4,57.11
Summary 1,42,Remortgage Per cent,2009-Q1,41.56
Summary 1,42,Remortgage Per cent,2009-Q2,34.93
Summary 1,42,Remortgage Per cent,2009-Q3,30.49
Summary 1,42,Remortgage Per cent,2009-Q4,26.95
Summary 1,42,Remortgage Per cent,2010-Q1,32.15
Summary 1,42,Remortgage Per cent,2010-Q2,28.52
Summary 1,42,Remortgage Per cent,2010-Q3,30.74
Summary 1,42,Remortgage Per cent,2010-Q4,35.95
Summary 1,42,Remortgage Per cent,2011-Q1,40.71
Summary 1,42,Remortgage Per cent,2011-Q2,31.34
Summary 1,42,Remortgage Per cent,2011-Q3,32.36
Summary 1,42,Remortgage Per cent,2011-Q4,34.49
Summary 1,42,Remortgage Per cent,2012-Q1,33.99
Summary 1,42,Remortgage Per cent,2012-Q2,28.86
Summary 1,42,Remortgage Per cent,2012-Q3,29.17
Summary 1,42,Remortgage Per cent,2012-Q4,30.8
Summary 1,42,Remortgage Per cent,2013-Q1,31.0
Summary 1,42,Remortgage Per cent,2013-Q2,28.06
Summary 1,42,Remortgage Per cent,2013-Q3,29.97
Summary 1,42,Remortgage Per cent,2013-Q4,28.71
Summary 1,42,Remortgage Per cent,2014-Q1,29.3
Summary 1,42,Remortgage Per cent,2014-Q2,24.73
Summary 1,42,Remortgage Per cent,2014-Q3,27.02
Summary 1,42,Remortgage Per cent,2014-Q4,30.69
Summary 1,42,Remortgage Per cent,2015-Q1,31.301
Summary 1,42,Remortgage Per cent,2015-Q2,28.931
Summary 1,42,Remortgage Per cent,2015-Q3,30.171
Summary 1,42,Remortgage Per cent,2015-Q4,31.88
Summary 1,42,Remortgage Per cent,2016-Q1,33.331
Summary 1,42,Remortgage Per cent,2016-Q2,30.5
Summary 1,42,Remortgage Per cent,2016-Q3,34.23
Summary 1,42,Remortgage Per cent,2016-Q4,34.92
Summary 1,42,Remortgage Per cent,2017-Q1,36.163
Summary 1,42,Remortgage Per cent,2017-Q2,33.164
Summary 1,42,Remortgage Per cent,2017-Q3,36.465
Summary 1,42,Remortgage Per cent,2017-Q4,40.281
Summary 1,42,Remortgage Per cent,2018-Q1,38.447
Summary 1,42,Remortgage Per cent,2018-Q2,36.726
Summary 1,42,Remortgage Per cent,2018-Q3,38.365
Summary 1,42,Remortgage Per cent,2018-Q4,39.903
Summary 1,42,Remortgage Per cent,2019-Q1,38.935
Summary 1,42,Remortgage Per cent,2019-Q2,33.365
Summary 1,42,Remortgage Per cent,2019-Q3,34.97
Summary 1,42,Remortgage Per cent,2019-Q4,38.665
Summary 1,42,Remortgage Per cent,2020-Q1,37.634
Summary 1,42,Remortgage Per cent,2020-Q2,48.824
Summary 1,42,Remortgage Per cent,2020-Q3,24.982
Summary 1,42,Remortgage Per cent,2020-Q4,23.591
Summary 1,42,Remortgage Per cent,2021-Q1,25.182
Summary 1,42,Remortgage Per cent,2021-Q2,23.155
Summary 1,42,Remortgage Per cent,2021-Q3,30.453
Summary 1,42,Remortgage Per cent,2021-Q4,35.35
Summary 1,42,Remortgage Per cent,2022-Q1,35.77
Summary 1,42,Remortgage Per cent,2022-Q2,31.901
Summary 1,42,Remortgage Per cent,2022-Q3,35.864
Summary 1,42,Remortgage Per cent,2022-Q4,41.214
Summary 1,42,Remortgage Per cent,2023-Q1,37.295
Summary 1,42,Remortgage Per cent,2023-Q2,34.649
Summary 1,42,Remortgage Per cent,2023-Q3,34.629
Summary 1,42,Remortgage Per cent,2023-Q4,34.593
Summary 1,42,Remortgage Per cent,2024-Q1,34.331
Summary 1,42,Remortgage Per cent,2024-Q2,25.571
Summary 1,42,Remortgage Per cent,2024-Q3,25.682
Summary 1,42,Remortgage Per cent,2024-Q4,29.519
Summary 1,42,Remortgage Per cent,2025-Q1,29.982
Summary 1,42,Remortgage Per cent,2025-Q2,32.277
Summary 1,42,Remortgage Per cent,2025-Q3,30.329
Summary 1,42,Remortgage Per cent,2025-Q4,31.928
Summary 1,43,Other (inc further advances) Per cent,2007-Q1,9.23
Summary 1,43,Other (inc further advances) Per cent,2007-Q2,9.52
Summary 1,43,Other (inc further advances) Per cent,2007-Q3,8.89
Summary 1,43,Other (inc further advances) Per cent,2007-Q4,10.3
Summary 1,43,Other (inc further advances) Per cent,2008-Q1,10.77
Summary 1,43,Other (inc further advances) Per cent,2008-Q2,8.49
Summary 1,43,Other (inc further advances) Per cent,2008-Q3,10.33
Summary 1,43,Other (inc further advances) Per cent,2008-Q4,10.97
Summary 1,43,Other (inc further advances) Per cent,2009-Q1,14.35
Summary 1,43,Other (inc further advances) Per cent,2009-Q2,10.06
Summary 1,43,Other (inc further advances) Per cent,2009-Q3,7.65
Summary 1,43,Other (inc further advances) Per cent,2009-Q4,9.88
Summary 1,43,Other (inc further advances) Per cent,2010-Q1,9.07
Summary 1,43,Other (inc further advances) Per cent,2010-Q2,8.36
Summary 1,43,Other (inc further advances) Per cent,2010-Q3,8.04
Summary 1,43,Other (inc further advances) Per cent,2010-Q4,8.73
Summary 1,43,Other (inc further advances) Per cent,2011-Q1,7.72
Summary 1,43,Other (inc further advances) Per cent,2011-Q2,7.29
Summary 1,43,Other (inc further advances) Per cent,2011-Q3,7.91
Summary 1,43,Other (inc further advances) Per cent,2011-Q4,7.72
Summary 1,43,Other (inc further advances) Per cent,2012-Q1,7.84
Summary 1,43,Other (inc further advances) Per cent,2012-Q2,6.58
Summary 1,43,Other (inc further advances) Per cent,2012-Q3,5.35
Summary 1,43,Other (inc further advances) Per cent,2012-Q4,5.68
Summary 1,43,Other (inc further advances) Per cent,2013-Q1,6.46
Summary 1,43,Other (inc further advances) Per cent,2013-Q2,5.82
Summary 1,43,Other (inc further advances) Per cent,2013-Q3,5.13
Summary 1,43,Other (inc further advances) Per cent,2013-Q4,4.94
Summary 1,43,Other (inc further advances) Per cent,2014-Q1,5.48
Summary 1,43,Other (inc further advances) Per cent,2014-Q2,4.9
Summary 1,43,Other (inc further advances) Per cent,2014-Q3,4.69
Summary 1,43,Other (inc further advances) Per cent,2014-Q4,4.91
Summary 1,43,Other (inc further advances) Per cent,2015-Q1,6.032
Summary 1,43,Other (inc further advances) Per cent,2015-Q2,4.369
Summary 1,43,Other (inc further advances) Per cent,2015-Q3,4.829
Summary 1,43,Other (inc further advances) Per cent,2015-Q4,4.745
Summary 1,43,Other (inc further advances) Per cent,2016-Q1,5.598
Summary 1,43,Other (inc further advances) Per cent,2016-Q2,5.595
Summary 1,43,Other (inc further advances) Per cent,2016-Q3,5.193
Summary 1,43,Other (inc further advances) Per cent,2016-Q4,5.689
Summary 1,43,Other (inc further advances) Per cent,2017-Q1,6.289
Summary 1,43,Other (inc further advances) Per cent,2017-Q2,5.575
Summary 1,43,Other (inc further advances) Per cent,2017-Q3,4.553
Summary 1,43,Other (inc further advances) Per cent,2017-Q4,5.323
Summary 1,43,Other (inc further advances) Per cent,2018-Q1,5.942
Summary 1,43,Other (inc further advances) Per cent,2018-Q2,4.738
Summary 1,43,Other (inc further advances) Per cent,2018-Q3,5.062
Summary 1,43,Other (inc further advances) Per cent,2018-Q4,5.213
Summary 1,43,Other (inc further advances) Per cent,2019-Q1,6.166
Summary 1,43,Other (inc further advances) Per cent,2019-Q2,5.509
Summary 1,43,Other (inc further advances) Per cent,2019-Q3,5.042
Summary 1,43,Other (inc further advances) Per cent,2019-Q4,5.534
Summary 1,43,Other (inc further advances) Per cent,2020-Q1,5.822
Summary 1,43,Other (inc further advances) Per cent,2020-Q2,6.648
Summary 1,43,Other (inc further advances) Per cent,2020-Q3,4.844
Summary 1,43,Other (inc further advances) Per cent,2020-Q4,4.61
Summary 1,43,Other (inc further advances) Per cent,2021-Q1,5.284
Summary 1,43,Other (inc further advances) Per cent,2021-Q2,4.939
Summary 1,43,Other (inc further advances) Per cent,2021-Q3,4.835
Summary 1,43,Other (inc further advances) Per cent,2021-Q4,5.86
Summary 1,43,Other (inc further advances) Per cent,2022-Q1,5.967
Summary 1,43,Other (inc further advances) Per cent,2022-Q2,5.744
Summary 1,43,Other (inc further advances) Per cent,2022-Q3,5.532
Summary 1,43,Other (inc further advances) Per cent,2022-Q4,5.283
Summary 1,43,Other (inc further advances) Per cent,2023-Q1,5.488
Summary 1,43,Other (inc further advances) Per cent,2023-Q2,4.303
Summary 1,43,Other (inc further advances) Per cent,2023-Q3,4.403
Summary 1,43,Other (inc further advances) Per cent,2023-Q4,4.566
Summary 1,43,Other (inc further advances) Per cent,2024-Q1,3.983
Summary 1,43,Other (inc further advances) Per cent,2024-Q2,4.166
Summary 1,43,Other (inc further advances) Per cent,2024-Q3,4.529
Summary 1,43,Other (inc further advances) Per cent,2024-Q4,4.34
Summary 1,43,Other (inc further advances) Per cent,2025-Q1,4.122
Summary 1,43,Other (inc further advances) Per cent,2025-Q2,3.906
Summary 1,43,Other (inc further advances) Per cent,2025-Q3,4.204
Summary 1,43,Other (inc further advances) Per cent,2025-Q4,5.301
